{"stats":{"minecraft:picked_up":{"minecraft:wooden_axe":1,"minecraft:netherite_boots":1,"minecraft:cocoa_beans":6,"minecraft:water_bucket":2,"minecraft:big_dripleaf":6,"minecraft:wooden_pickaxe":2,"minecraft:oak_log":6,"minecraft:netherite_leggings":1,"bunker_down:steel_pressure_plate":1,"tacz:ammo_box":1,"tacz:ammo":246,"minecraft:netherite_helmet":2,"tacz:modern_kinetic_gun":4,"securitycraft:security_camera":1,"minecraft:netherite_chestplate":1,"minecraft:enchanted_golden_apple":59,"minecraft:bamboo":2,"minecraft:cobblestone":17},"minecraft:used":{"bunker_down:steel_vent":1,"securitycraft:camera_monitor":9,"minecraft:water_bucket":23,"bunker_down:steel_block":1048,"minecraft:light_gray_concrete":19,"minecraft:ladder":9,"bunker_down:ceiling_lamp":247,"securitycraft:reinforced_iron_block":73,"minecraft:wooden_pickaxe":3,"bunker_down:steel_pressure_plate":4,"minecraft:stone":220,"minecraft:zombie_spawn_egg":1,"securitycraft:keypad_door_item":1,"securitycraft:security_camera":7,"bunker_down:airlock_iron_door":4,"minecraft:bucket":33,"minecraft:white_concrete":288,"minecraft:enchanted_golden_apple":5},"minecraft:killed":{"minecraft:panda":1,"sanitydim:rotting_stalker":5},"minecraft:mined":{"minecraft:cobblestone":3},"minecraft:dropped":{"tacz:ammo_box":1,"securitycraft:security_camera":64,"tacz:modern_kinetic_gun":3,"tacz:ammo":180,"securitycraft:camera_monitor":1},"minecraft:custom":{"minecraft:time_since_rest":2582,"minecraft:damage_absorbed":160,"minecraft:damage_taken":1242,"minecraft:sprint_one_cm":62094,"minecraft:walk_one_cm":196127,"minecraft:mob_kills":6,"minecraft:drop":10,"minecraft:damage_dealt":160,"minecraft:swim_one_cm":18592,"minecraft:interact_with_crafting_table":1,"minecraft:fly_one_cm":122367,"minecraft:open_chest":1,"minecraft:crouch_one_cm":11542,"minecraft:play_time":124186,"minecraft:deaths":1,"minecraft:sneak_time":3604,"minecraft:walk_under_water_one_cm":18534,"minecraft:jump":342,"minecraft:leave_game":5,"minecraft:walk_on_water_one_cm":12437,"minecraft:time_since_death":2557,"minecraft:damage_resisted":312,"minecraft:climb_one_cm":13701,"minecraft:total_world_time":124186,"minecraft:fall_one_cm":4386}},"DataVersion":3465}