{"stats":{"minecraft:used":{"bunker_down:airlock_iron_door":4,"securitycraft:camera_monitor":9,"bunker_down:steel_block":915,"minecraft:light_gray_concrete":13,"minecraft:ladder":9,"bunker_down:ceiling_lamp":23,"minecraft:wooden_pickaxe":3,"minecraft:stone":19,"bunker_down:steel_pressure_plate":3,"minecraft:zombie_spawn_egg":1,"securitycraft:keypad_door_item":1,"securitycraft:security_camera":7},"minecraft:picked_up":{"minecraft:cocoa_beans":6,"minecraft:cobblestone":3},"minecraft:mined":{"minecraft:cobblestone":3},"minecraft:killed":{"minecraft:panda":1},"minecraft:custom":{"minecraft:time_since_rest":34957,"minecraft:open_chest":1,"minecraft:crouch_one_cm":2405,"minecraft:play_time":34957,"minecraft:sprint_one_cm":13555,"minecraft:walk_one_cm":87540,"minecraft:sneak_time":1291,"minecraft:walk_under_water_one_cm":7017,"minecraft:mob_kills":1,"minecraft:jump":39,"minecraft:damage_dealt":18,"minecraft:leave_game":1,"minecraft:time_since_death":34957,"minecraft:walk_on_water_one_cm":5704,"minecraft:climb_one_cm":1889,"minecraft:total_world_time":34957,"minecraft:swim_one_cm":3526,"minecraft:interact_with_crafting_table":1,"minecraft:fly_one_cm":31516}},"DataVersion":3465}