{"stats":{"minecraft:used":{"minecraft:water_bucket":2,"minecraft:chest":1,"minecraft:stone_pickaxe":91,"minecraft:wooden_pickaxe":10,"minecraft:iron_sword":67,"minecraft:shield":33,"minecraft:rotten_flesh":5,"minecraft:iron_chestplate":1,"minecraft:torch":91,"minecraft:dirt":1,"minecraft:crafting_table":10,"minecraft:blast_furnace":2,"minecraft:golden_shovel":4,"minecraft:dripstone_block":1,"minecraft:tuff":3,"minecraft:smoker":3,"minecraft:iron_pickaxe":264,"minecraft:iron_boots":1,"minecraft:gravel":2,"minecraft:stone_axe":64,"minecraft:cobblestone":12,"minecraft:bow":2,"minecraft:furnace":3,"minecraft:cooked_porkchop":4,"minecraft:andesite":3,"minecraft:bucket":3,"minecraft:cooked_beef":7,"minecraft:cobbled_deepslate":3,"minecraft:iron_leggings":1,"minecraft:pointed_dripstone":7},"minecraft:killed":{"minecraft:pig":4,"minecraft:zombie_villager":1,"minecraft:spider":3,"minecraft:creeper":3,"minecraft:sheep":1,"minecraft:skeleton":8,"minecraft:zombie":12,"minecraft:cow":3},"minecraft:dropped":{"minecraft:gravel":2,"minecraft:iron_sword":2,"minecraft:stone_axe":1,"minecraft:wheat_seeds":2,"minecraft:raw_copper":311,"minecraft:diamond":1,"minecraft:cooked_porkchop":4,"minecraft:dripstone_block":1,"minecraft:pointed_dripstone":2,"minecraft:cobblestone":16,"minecraft:iron_helmet":1,"minecraft:rotten_flesh":6,"minecraft:oak_planks":19,"minecraft:iron_boots":1,"minecraft:coal":40,"minecraft:dirt":1,"minecraft:shield":4,"minecraft:iron_chestplate":1,"minecraft:iron_leggings":1,"minecraft:bow":2,"minecraft:arrow":2,"minecraft:wooden_pickaxe":1,"minecraft:iron_pickaxe":2,"minecraft:bone":4},"minecraft:picked_up":{"minecraft:birch_log":7,"minecraft:crafting_table":16,"minecraft:andesite":6,"minecraft:leather":5,"minecraft:wooden_pickaxe":3,"minecraft:smoker":2,"minecraft:golden_shovel":4,"minecraft:tuff":16,"minecraft:oak_log":25,"minecraft:shield":6,"minecraft:gunpowder":4,"minecraft:string":1,"minecraft:lapis_lazuli":21,"minecraft:dirt":3,"minecraft:raw_copper":311,"minecraft:bone":8,"minecraft:bow":4,"minecraft:wheat_seeds":13,"minecraft:cobbled_deepslate":38,"minecraft:raw_gold":18,"minecraft:iron_ingot":3,"minecraft:beef":14,"minecraft:stone_pickaxe":3,"minecraft:birch_sapling":5,"minecraft:oak_planks":27,"minecraft:furnace":4,"minecraft:raw_iron":116,"minecraft:stick":12,"minecraft:cooked_porkchop":2,"minecraft:dripstone_block":2,"minecraft:gravel":4,"minecraft:fire_charge":8,"minecraft:porkchop":9,"minecraft:blast_furnace":2,"minecraft:pointed_dripstone":15,"minecraft:diorite":5,"minecraft:arrow":4,"minecraft:rotten_flesh":19,"minecraft:diamond":1,"minecraft:stone_axe":3,"minecraft:golden_apple":8,"minecraft:gold_ingot":12,"minecraft:oak_sapling":2,"minecraft:mutton":2,"minecraft:coal":162,"minecraft:cobblestone":135,"minecraft:white_wool":5},"minecraft:broken":{"minecraft:iron_pickaxe":1},"minecraft:mined":{"minecraft:tuff":15,"minecraft:smoker":2,"minecraft:crafting_table":9,"minecraft:blast_furnace":2,"minecraft:grass_block":3,"minecraft:tall_grass":2,"minecraft:cobblestone":9,"minecraft:deepslate_gold_ore":9,"minecraft:lapis_ore":4,"minecraft:diorite":5,"minecraft:furnace":3,"minecraft:iron_ore":69,"minecraft:andesite":4,"minecraft:grass":7,"minecraft:coal_ore":64,"minecraft:pointed_dripstone":10,"minecraft:oak_log":21,"minecraft:deepslate_iron_ore":45,"minecraft:dripstone_block":2,"minecraft:stone":82,"minecraft:gold_ore":9,"minecraft:oak_leaves":6,"minecraft:deepslate":36},"minecraft:custom":{"minecraft:interact_with_furnace":35,"minecraft:mob_kills":38,"minecraft:interact_with_crafting_table":48,"minecraft:leave_game":2,"minecraft:time_since_death":10541,"minecraft:time_since_rest":10568,"minecraft:sprint_one_cm":327427,"minecraft:damage_taken":2200,"minecraft:walk_one_cm":206382,"minecraft:damage_blocked_by_shield":1890,"minecraft:drop":44,"minecraft:damage_dealt":6903,"minecraft:player_kills":1,"minecraft:fly_one_cm":268509,"minecraft:open_chest":16,"minecraft:play_time":83833,"minecraft:crouch_one_cm":22216,"minecraft:deaths":5,"minecraft:sneak_time":7126,"minecraft:walk_under_water_one_cm":543,"minecraft:jump":1745,"minecraft:interact_with_blast_furnace":35,"minecraft:walk_on_water_one_cm":2651,"minecraft:total_world_time":83833,"minecraft:interact_with_smoker":10,"minecraft:fall_one_cm":50211},"minecraft:crafted":{"minecraft:cooked_beef":7,"minecraft:smooth_stone":3,"minecraft:oak_planks":84,"minecraft:cooked_porkchop":6,"minecraft:crafting_table":2,"minecraft:wooden_pickaxe":1,"minecraft:iron_helmet":3,"minecraft:iron_sword":3,"minecraft:furnace":4,"minecraft:blast_furnace":1,"minecraft:stone":3,"minecraft:bucket":1,"minecraft:stone_axe":2,"minecraft:air":0,"minecraft:iron_chestplate":3,"minecraft:iron_boots":2,"minecraft:shield":3,"minecraft:stick":56,"minecraft:iron_ingot":94,"minecraft:iron_pickaxe":4,"minecraft:stone_pickaxe":1,"minecraft:chest":1,"minecraft:iron_leggings":3,"minecraft:gold_ingot":9,"minecraft:torch":112,"minecraft:smoker":2},"minecraft:killed_by":{"minecraft:player":2,"minecraft:skeleton":1,"minecraft:zombie":2}},"DataVersion":3465}