{"stats":{"minecraft:killed_by":{"minecraft:player":1,"minecraft:skeleton":5,"minecraft:spider":1},"minecraft:killed":{"minecraft:skeleton":3,"minecraft:zombie":3,"minecraft:chicken":1},"minecraft:crafted":{"minecraft:oak_planks":12,"minecraft:cooked_porkchop":3,"minecraft:crafting_table":2,"minecraft:iron_helmet":1,"minecraft:wooden_pickaxe":2,"minecraft:cooked_chicken":1,"minecraft:furnace":1,"minecraft:stone_axe":2,"minecraft:iron_boots":1,"minecraft:iron_chestplate":1,"minecraft:stick":12,"minecraft:iron_ingot":38,"minecraft:iron_pickaxe":1,"minecraft:stone_sword":1,"minecraft:chest":1,"minecraft:iron_leggings":1},"minecraft:custom":{"minecraft:interact_with_furnace":13,"minecraft:mob_kills":7,"minecraft:interact_with_crafting_table":17,"minecraft:leave_game":1,"minecraft:time_since_death":8326,"minecraft:time_since_rest":8391,"minecraft:sprint_one_cm":197944,"minecraft:damage_absorbed":40,"minecraft:damage_taken":2657,"minecraft:walk_one_cm":218989,"minecraft:damage_blocked_by_shield":555,"minecraft:drop":107,"minecraft:damage_dealt":1152,"minecraft:swim_one_cm":4955,"minecraft:fly_one_cm":43089,"minecraft:player_kills":2,"minecraft:open_chest":14,"minecraft:crouch_one_cm":589,"minecraft:play_time":79433,"minecraft:deaths":7,"minecraft:sneak_time":155,"minecraft:walk_under_water_one_cm":62,"minecraft:jump":939,"minecraft:walk_on_water_one_cm":6436,"minecraft:total_world_time":79433,"minecraft:interact_with_smoker":10,"minecraft:fall_one_cm":21347},"minecraft:picked_up":{"minecraft:birch_log":17,"minecraft:iron_chestplate":1,"minecraft:crafting_table":2,"minecraft:feather":1,"minecraft:chicken":1,"minecraft:andesite":12,"minecraft:wooden_pickaxe":1,"minecraft:smoker":2,"minecraft:golden_shovel":2,"minecraft:tuff":16,"minecraft:oak_log":53,"minecraft:shield":3,"minecraft:lapis_lazuli":68,"minecraft:dirt":7,"minecraft:raw_copper":307,"minecraft:iron_leggings":1,"minecraft:bone":6,"minecraft:bow":2,"minecraft:wheat_seeds":8,"minecraft:cobbled_deepslate":50,"minecraft:raw_gold":25,"minecraft:iron_pickaxe":2,"minecraft:iron_sword":2,"minecraft:oak_planks":36,"minecraft:iron_boots":1,"minecraft:raw_iron":104,"minecraft:stick":3,"minecraft:cooked_porkchop":2,"minecraft:torch":1,"minecraft:dripstone_block":2,"minecraft:fire_charge":2,"minecraft:pointed_dripstone":3,"minecraft:diorite":1,"minecraft:redstone":69,"minecraft:arrow":6,"minecraft:rotten_flesh":8,"minecraft:diamond":8,"minecraft:stone_axe":4,"minecraft:iron_helmet":1,"minecraft:golden_apple":7,"minecraft:gold_ingot":12,"minecraft:coal":108,"minecraft:white_wool":2,"minecraft:cobblestone":142},"minecraft:broken":{"minecraft:iron_pickaxe":2},"minecraft:used":{"minecraft:stone_sword":25,"minecraft:oak_planks":2,"minecraft:chest":1,"minecraft:wooden_pickaxe":38,"minecraft:shield":11,"minecraft:cooked_chicken":1,"minecraft:rotten_flesh":1,"minecraft:golden_apple":2,"minecraft:crafting_table":3,"minecraft:smoker":1,"minecraft:oak_log":6,"minecraft:iron_pickaxe":523,"minecraft:stone_axe":78,"minecraft:cobblestone":2,"minecraft:furnace":1,"minecraft:cooked_porkchop":5,"minecraft:pointed_dripstone":1},"minecraft:mined":{"minecraft:deepslate_redstone_ore":10,"minecraft:tuff":25,"minecraft:deepslate_diamond_ore":9,"minecraft:smoker":2,"minecraft:torch":1,"minecraft:crafting_table":1,"minecraft:glow_lichen":1,"minecraft:grass_block":3,"minecraft:copper_ore":95,"minecraft:deepslate_coal_ore":10,"minecraft:lapis_ore":1,"minecraft:deepslate_gold_ore":15,"minecraft:oak_planks":2,"minecraft:diorite":1,"minecraft:redstone_ore":6,"minecraft:iron_ore":39,"minecraft:birch_log":17,"minecraft:andesite":12,"minecraft:birch_leaves":2,"minecraft:deepslate_lapis_ore":9,"minecraft:grass":9,"minecraft:pointed_dripstone":2,"minecraft:oak_log":54,"minecraft:coal_ore":56,"minecraft:deepslate_iron_ore":68,"minecraft:dripstone_block":2,"minecraft:dirt":2,"minecraft:stone":116,"minecraft:gold_ore":3,"minecraft:oak_leaves":7,"minecraft:deepslate":55},"minecraft:dropped":{"minecraft:stone_axe":2,"minecraft:wheat_seeds":8,"minecraft:raw_copper":307,"minecraft:crafting_table":1,"minecraft:pointed_dripstone":2,"minecraft:cobblestone":24,"minecraft:rotten_flesh":6,"minecraft:oak_planks":11,"minecraft:golden_shovel":2,"minecraft:coal":22,"minecraft:golden_apple":6,"minecraft:stick":1,"minecraft:dirt":7,"minecraft:shield":1,"minecraft:fire_charge":2,"minecraft:bow":1,"minecraft:wooden_pickaxe":1,"minecraft:birch_log":10,"minecraft:white_wool":2,"minecraft:gold_ingot":12}},"DataVersion":3465}