{"stats":{"minecraft:picked_up":{"minecraft:enchanting_table":1,"minecraft:ladder":6,"minecraft:jungle_log":6,"horror_element_mod:chained_entity":1,"minecraft:oak_log":10,"minecraft:netherite_leggings":1,"minecraft:dirt":7,"tacz:ammo_box":2,"tacz:ammo":180,"minecraft:spore_blossom":1,"securitycraft:security_camera":127,"minecraft:bamboo":66,"minecraft:torch":1,"securitycraft:camera_monitor":2,"tacz:attachment":1,"minecraft:firework_rocket":3,"tacz:modern_kinetic_gun":13,"minecraft:cobblestone":17},"minecraft:crafted":{"minecraft:oak_planks":12,"minecraft:crafting_table":1,"minecraft:wooden_pickaxe":1,"minecraft:jungle_planks":12,"minecraft:stick":12,"minecraft:wooden_axe":1},"minecraft:used":{"horror_element_mod:dead_experiment":2,"minecraft:enchanting_table":6,"minecraft:netherite_chestplate":1,"minecraft:ladder":6,"minecraft:elytra":1,"minecraft:wooden_pickaxe":20,"securitycraft:security_camera":1,"minecraft:crafting_table":1,"horror_element_mod:hospital_bed":2,"horror_element_mod:chained_entity":3,"minecraft:wooden_axe":28,"securitycraft:camera_monitor":3,"minecraft:lava_bucket":2,"minecraft:cobblestone":3,"minecraft:enchanted_golden_apple":6,"minecraft:splash_potion":2},"minecraft:killed":{"sanitydim:rotting_stalker":3},"minecraft:mined":{"minecraft:jungle_leaves":11,"minecraft:ladder":6,"minecraft:grass_block":3,"minecraft:jungle_log":6,"minecraft:light_gray_bed":1,"minecraft:grass":6,"minecraft:oak_log":10,"minecraft:vine":2,"minecraft:dirt":2,"minecraft:bamboo":12,"minecraft:stone":18},"minecraft:dropped":{"minecraft:oak_log":7,"minecraft:spore_blossom":1,"securitycraft:security_camera":126,"minecraft:netherite_helmet":1,"minecraft:cobblestone":14,"horror_element_mod:hospital_bed":1,"minecraft:netherite_leggings":1,"minecraft:dirt":3,"tacz:ammo_box":2,"minecraft:brush":1,"minecraft:torch":1,"minecraft:wooden_axe":1,"minecraft:jungle_log":3,"horror_element_mod:chained_entity":2,"tacz:modern_kinetic_gun":14,"minecraft:bamboo":2,"securitycraft:camera_monitor":2,"minecraft:wooden_pickaxe":1,"horror_element_mod:dead_experiment":1,"minecraft:enchanting_table":1,"minecraft:firework_rocket":3,"tacz:attachment":2},"minecraft:custom":{"minecraft:mob_kills":3,"minecraft:interact_with_crafting_table":2,"minecraft:leave_game":1,"minecraft:time_since_death":448,"minecraft:climb_one_cm":18940,"minecraft:damage_resisted":258,"minecraft:time_since_rest":483,"minecraft:walk_one_cm":111847,"minecraft:damage_taken":2605,"minecraft:damage_absorbed":319,"minecraft:drop":128,"minecraft:damage_dealt":29,"minecraft:fly_one_cm":47205,"minecraft:crouch_one_cm":427,"minecraft:play_time":87123,"minecraft:deaths":1,"minecraft:sneak_time":630,"minecraft:walk_under_water_one_cm":20617,"minecraft:jump":169,"minecraft:walk_on_water_one_cm":9867,"minecraft:enchant_item":4,"minecraft:total_world_time":87123,"minecraft:fall_one_cm":9173},"minecraft:killed_by":{"sanitydim:sneaking_terror":1}},"DataVersion":3465}